Name,Gender,Counties,Interests
Elijah,Male,Norfolk,"Cycling, Rugby, Running"
Griffin,Male,Essex,Tennis
Kasimir,Male,Cambridgeshire,"Cricket, Swimming, Tennis, Running"
Steel,Male,Norfolk,"Football, Running"
Fuller,Male,Cambridgeshire,Cricket
Ferdinand,Male,Essex,"Running, Cricket, Tennis"
Brennan,Male,Essex,"Tennis, Football, Running, Cycling"
Lamar,Male,Suffolk,"Rugby, Running"
Trevor,Male,Suffolk,"Cycling, Rugby, Cricket, Running"
Wayne,Male,Suffolk,"Football, Cycling, Rugby"
Isaiah,Male,Suffolk,"Tennis, Boxing"
Ezekiel,Male,Essex,Rugby
Nigel,Male,Cambridgeshire,"Cycling, Rugby"
Samson,Male,Essex,"Cricket, Swimming, Running, Boxing"
Ryan,Male,Suffolk,"Swimming, Golf"
Murphy,Male,Cambridgeshire,Rugby
Macaulay,Male,Suffolk,Tennis
Rogan,Male,Cambridgeshire,"Cricket, Cycling, Rugby, Running"
Macon,Male,Norfolk,"Cycling, Football"
Palmer,Male,Suffolk,"Running, Swimming, Tennis, Rugby"
Talon,Male,Cambridgeshire,"Running, Cycling, Football"
Julian,Male,Cambridgeshire,"Running, Cricket, Rugby, Football, Golf"
Rooney,Male,Suffolk,"Football, Running"
Cameron,Male,Essex,"Tennis, Swimming, Cycling"
William,Male,Norfolk,"Football, Running"
Brett,Male,Norfolk,"Rugby, Cycling, Running, Cricket"
Walter,Male,Essex,"Football, Running"
Drake,Male,Essex,Rugby
Keegan,Male,Suffolk,"Running, Tennis, Football"
Tad,Male,Norfolk,"Rugby, Tennis, Cycling, Cricket"
Phelan,Male,Cambridgeshire,"Football, Running"
Yardley,Male,Essex,"Rugby, Football"
John,Male,Norfolk,"Football, Running"
Barry,Male,Suffolk,"Football, Running"
Chaney,Male,Suffolk,"Running, Tennis, Swimming"
Wesley,Male,Norfolk,"Cricket, Rugby"
Wang,Male,Norfolk,"Cricket, Rugby"
Isaac,Male,Norfolk,"Cricket, Running, Tennis, Football"
Kane,Male,Suffolk,"Rugby, Tennis"
Abdul,Male,Cambridgeshire,"Football, Running, Golf"
Boris,Male,Essex,Cricket
Keith,Male,Norfolk,"Cricket, Football"
Tiger,Male,Norfolk,"Football, Rugby, Golf"
Amos,Male,Essex,"Cycling, Rugby"
Timon,Male,Suffolk,"Football, Running"
Dorian,Male,Suffolk,"Swimming, Football, Cricket"
Kennan,Male,Norfolk,"Running, Football, Cricket"
Garrison,Male,Cambridgeshire,"Tennis, Cycling, Cricket, Rugby"
Gannon,Male,Norfolk,"Football, Running"
Timothy,Male,Suffolk,"Rugby, Cricket, Cycling, Tennis"
Hamilton,Male,Norfolk,"Cricket, Football"
Wang,Male,Suffolk,"Football, Running"
Dean,Male,Cambridgeshire,"Cricket, Swimming"
Aaron,Male,Norfolk,"Football, Cricket, Cycling"
Levi,Male,Suffolk,"Tennis, Football, Cycling"
Jackson,Male,Suffolk,"Football, Running"
Talon,Male,Essex,"Football, Running"
Micah,Male,Essex,"Swimming, Tennis, Football, Cricket"
Merritt,Male,Suffolk,"Football, Running"
Russell,Male,Essex,Football
Vaughan,Male,Essex,"Rugby, Tennis"
Stone,Male,Essex,"Swimming, Rugby, Running, Cycling"
Kane,Male,Cambridgeshire,"Rugby, Football, Cricket"
Theodore,Male,Essex,"Football, Running"
Yuli,Male,Norfolk,"Football, Running"
Jerry,Male,Cambridgeshire,"Football, Cycling, Swimming"
Rahim,Male,Cambridgeshire,"Rugby, Tennis, Football, Cycling"
Carter,Male,Suffolk,"Swimming,Hockey"
Brenden,Male,Suffolk,Tennis
Emery,Male,Essex,Cricket
Xanthus,Male,Essex,"Football, Running"
Abraham,Male,Norfolk,"Football, Running, Swimming"
Jonas,Male,Essex,"Running, Tennis"
Simon,Male,Cambridgeshire,Cricket
Caesar,Male,Suffolk,Football
Seth,Male,Suffolk,Cricket
Galvin,Male,Essex,"Cycling, Cricket"
Solomon,Male,Norfolk,"Cricket, Swimming"
Malik,Male,Essex,"Football, Running"
Harper,Male,Essex,"Cricket, Swimming"
Chester,Male,Suffolk,"Football, Running"
Clinton,Male,Essex,"Rugby, Cycling"
Lewis,Male,Norfolk,Tennis
Lars,Male,Cambridgeshire,"Rugby, Swimming, Running, Cycling"
Nash,Male,Essex,"Football, Running"
Rooney,Male,Cambridgeshire,Rugby
Cain,Male,Suffolk,"Football, Swimming, Running"
Devin,Male,Norfolk,"Football, Cycling, Running, Rugby"
Chancellor,Male,Essex,"Football, Cycling"
Ivan,Male,Essex,"Swimming, Rugby, Football"
Alfonso,Male,Norfolk,"Swimming, Rugby, Football"
Henry,Male,Essex,Rugby
Grady,Male,Cambridgeshire,Cycling
Raphael,Male,Norfolk,"Swimming, Rugby, Football"
Fitzgerald,Male,Cambridgeshire,Swimming
Allen,Male,Suffolk,"Swimming, Rugby, Football"
Porter,Male,Suffolk,"Cricket, Football, Tennis, Rugby"
Lewis,Male,Cambridgeshire,Cycling
Clinton,Male,Norfolk,Swimming
Aladdin,Male,Norfolk,"Swimming, Rugby, Football"
Agatha,Female,Suffolk,"Swimming, Football"
Alex,Female,Suffolk,"Cricket, Rugby"
Colleen,Female,Norfolk,"Cricket, Rugby"
Erin,Female,Essex,"Football, Running"
Naomi,Female,Norfolk,"Running, Football, Swimming"
Anna,Female,Essex,"Running, Cricket, Swimming"
Amy,Female,Norfolk,"Football, Running"
Lucy,Female,Essex,"Tennis, Swimming"
Liz,Female,Cambridgeshire,Football
Rachael,Female,Essex,"Football, Running"
Jo,Female,Suffolk,"Cricket, Cycling, Football, Tennis"
Tamara,Female,Norfolk,"Swimming, Running"
Sally,Female,Essex,Football
Laura,Female,Norfolk,Rugby
Abbie,Female,Cambridgeshire,"Football, Running,Hockey"
Esther,Female,Essex,"Football, Running"
Claire,Female,Suffolk,Cricket
Ella,Female,Suffolk,"Football, Cricket, Rugby, Cycling"
Gina,Female,Cambridgeshire,"Cricket, Running, Tennis, Swimming"
Florence,Female,Suffolk,Cycling
Janet,Female,Essex,"Cricket, Swimming, Tennis, Rugby"
Faith,Female,Essex,"Tennis, Football, Rugby, Cycling"
Gabbi,Female,Norfolk,Swimming
Hope,Female,Cambridgeshire,"Swimming, Football, Cycling, Running"
Emma,Female,Suffolk,"Tennis, Swimming"
Emily,Female,Cambridgeshire,"Swimming, Running"
Jessica,Female,Suffolk,Tennis
Jane,Female,Suffolk,"Swimming, Cricket, Hockey"
Karen,Female,Cambridgeshire,"Football, Running"
Lisa,Female,Norfolk,"Football, Running"
Lois,Female,Cambridgeshire,"Swimming, Football, Running, Tennis"
Melissa,Female,Suffolk,"Running, Cricket, Boxing"
Terri,Female,Cambridgeshire,Tennis
Mona,Female,Suffolk,"Running, Cycling, Swimming"
Julie,Female,Norfolk,"Rugby, Swimming"
Peggy,Female,Essex,"Football, Running"
Kelly,Female,Suffolk,"Cricket, Running, Rugby, Cycling"
Penny,Female,Suffolk,"Tennis, Cycling"
Rebecca,Female,Essex,"Swimming, Rugby"
Catherine,Female,Cambridgeshire,"Cycling, Running"
Ruth,Female,Norfolk,"Football, Running, Tennis"
Samantha,Female,Norfolk,"Football, Running"
Sarah,Female,Essex,"Cricket, Cycling, Tennis"
Jules,Female,Cambridgeshire,"Football, Running"
Ruby,Female,Suffolk,Cricket
Tanya,Female,Norfolk,"Football, Cycling, Rugby, Cricket"
Tina,Female,Suffolk,"Football, Swimming, Running, Rugby"
Zoe,Female,Suffolk,"Football, Running"
Wilma,Female,Essex,"Football, Running"
Victora,Female,Suffolk,"Running, Football, Cricket"
Sue,Female,Essex,"Running, Cricket"
Shelley,Female,Essex,"Rugby, Cricket, Cycling, Swimming"
Amber,Female,Norfolk,Cricket
Daisy,Female,Essex,"Football, Cycling"
Robyn,Female,Essex,"Football, Running"
Rose,Female,Suffolk,"Football, Rugby"
Polly,Female,Cambridgeshire,"Football, Rugby, Tennis"
Pat,Female,Suffolk,Rugby
Holly,Female,Suffolk,"Tennis, Football, Swimming, Rugby"
Nicole,Female,Norfolk,"Rugby, Running"
Myra,Female,Norfolk,"Swimming, Cycling, Tennis"
Morgan,Female,Norfolk,"Swimming, Football, Cricket, Rugby"
Nancy,Female,Essex,Running
Joanne,Female,Suffolk,"Cricket, Football"
Mary,Female,Cambridgeshire,"Cycling, Rugby, Football"
Lynn,Female,Cambridgeshire,"Football, Swimming, Running"
Lisa,Female,Suffolk,"Football, Cycling, Running"
Lily,Female,Suffolk,Cricket
Lillian,Female,Essex,"Cricket, Swimming"
Kay,Female,Cambridgeshire,"Swimming, Football, Cricket, Cycling"
Kim,Female,Norfolk,"Football, Running"
June,Female,Suffolk,"Rugby, Cricket"
Jody,Female,Cambridgeshire,Rugby
Iris,Female,Essex,"Football, Cycling, Rugby"
Imogen,Female,Cambridgeshire,"Tennis, Cricket, Cycling, Rugby"
Jocelyn,Female,Suffolk,"Tennis, Running"
Grace,Female,Essex,"Cycling, Running, Football"
Harriet,Female,Norfolk,"Tennis, Football"
Elaine,Female,Suffolk,"Tennis, Running, Swimming"
Georgina,Female,Norfolk,"Football, Cricket, Cycling, Swimming"
Franky,Female,Suffolk,"Running, Rugby, Tennis"
Jenny,Female,Norfolk,"Football, Running"
Alice,Female,Suffolk,Tennis
Nelly,Female,Suffolk,"Tennis, Rugby, Cricket"
Deborah,Female,Suffolk,"Tennis, Cricket, Swimming, Running"
Adele,Female,Cambridgeshire,"Rugby, Running, Tennis"
Kylie,Female,Cambridgeshire,"Football, Running"
Claudia,Female,Norfolk,Football
Kit,Female,Norfolk,Cricket
Carol,Female,Cambridgeshire,"Football, Running, Rugby"
Brie,Female,Essex,"Rugby, Cycling"
Bridget,Female,Essex,"Rugby, Football, Cycling, Cricket"
Betty,Female,Suffolk,"Tennis, Cricket, Golf"
Alana,Female,Cambridgeshire,"Tennis, Cricket, Rugby, Swimming"
Lexy,Female,Cambridgeshire,"Rugby, Running"
Amie,Female,Cambridgeshire,"Cycling, Football, Golf"
Thea,Female,Suffolk,"Running, Tennis"
April,Female,Essex,"Running, Rugby, Cycling, Cricket"
Bertha,Female,Norfolk,"Swimming, Running, Cricket, Cycling"
Eva,Female,Cambridgeshire,"Football, Running"
